tipo,nome,uf,municipio,fonte
CRAS,CRAS 7 de Setembro,AM,Urucurituba,agendamentocras.com.br
CRAS,CRAS Crispim Lobo,AM,Urucará,agendamentocras.com.br
CRAS,CRAS Castelo Branco,AM,Uarini,agendamentocras.com.br
CRAS,CRAS Benjamin Constant,AM,Tonantins,agendamentocras.com.br
CRAS,CRAS Jerusalém,AM,Tefé,agendamentocras.com.br
CRAS,CRAS Abial,AM,Tefé,agendamentocras.com.br
CRAS,CRAS Monteiro de Souza,AM,Tefé,agendamentocras.com.br
CRAS,CRAS Central de Tapauá,AM,Tapauá,agendamentocras.com.br
CRAS,CRAS Comunidade São Francisco,AM,Tabatinga,agendamentocras.com.br
CRAS,CRAS Marechal Mallet,AM,Tabatinga,agendamentocras.com.br
CRAS,CRAS Coronel José Esteves,AM,Silves,agendamentocras.com.br
CRAS,CRAS Centro,AM,São Sebastião do Uatumã,agendamentocras.com.br
CRAS,CRAS Barão do Rio Branco,AM,São Paulo de Olivença,agendamentocras.com.br
CRAS,CRAS Dabaru,AM,São Gabriel da Cachoeira,agendamentocras.com.br
CRAS,CRAS Álvaro Maia,AM,São Gabriel da Cachoeira,agendamentocras.com.br
CRAS,CRAS Rui Barbosa,AM,Santo Antônio do Içá,agendamentocras.com.br
CRAS,CRAS João Pessoa,AM,Santa Isabel do Rio Negro,agendamentocras.com.br
CRAS,CRAS Governador Ângelo Amaral,AM,Rio Preto da Eva,agendamentocras.com.br
CRAS,CRAS Maroaga,AM,Presidente Figueiredo,agendamentocras.com.br
CRAS,CRAS Urubuí,AM,Presidente Figueiredo,agendamentocras.com.br
CRAS,CRAS Getúlio Vargas,AM,Pauini,agendamentocras.com.br
CRAS,CRAS Itaúna II,AM,Parintins,agendamentocras.com.br
CRAS,CRAS União,AM,Parintins,agendamentocras.com.br
CRAS,CRAS Paulo Corrêa,AM,Parintins,agendamentocras.com.br
CRAS,CRAS Vila Novo Horizonte,AM,Novo Aripuanã,agendamentocras.com.br
CRAS,CRAS 16 de Fevereiro,AM,Novo Aripuanã,agendamentocras.com.br
CRAS,CRAS Antenor Carlos Frederico,AM,Novo Airão,agendamentocras.com.br
CRAS,CRAS Triunfo,AM,Nova Olinda do Norte,agendamentocras.com.br
CRAS,CRAS Furtado Belém,AM,Nhamundá,agendamentocras.com.br
CRAS,CRAS Castelo Branco,AM,Maraã,agendamentocras.com.br
CRAS,CRAS Auxiliadora,AM,Manicoré,agendamentocras.com.br
CRAS,CRAS 5 de Setembro,AM,Manaquiri,agendamentocras.com.br
CRAS,CRAS Novo Manacá,AM,Manacapuru,agendamentocras.com.br
CRAS,CRAS São José,AM,Manacapuru,agendamentocras.com.br
CRAS,CRAS Terra Preta,AM,Manacapuru,agendamentocras.com.br
CRAS,CRAS 22 de Outubro,AM,Lábrea,agendamentocras.com.br
CRAS,CRAS Francisco de Paula,AM,Juruá,agendamentocras.com.br
CRAS,CRAS Coronel Salgado,AM,Japurá,agendamentocras.com.br
CRAS,CRAS Beira Rio,AM,Itamarati,agendamentocras.com.br
CRAS,CRAS Mamoud Amed,AM,Itacoatiara,agendamentocras.com.br
CRAS,CRAS Jauary,AM,Itacoatiara,agendamentocras.com.br
CRAS,CRAS Benjamin Constant,AM,Itacoatiara,agendamentocras.com.br
CRAS,CRAS Rio Madeira,AM,Iranduba,agendamentocras.com.br
CRAS,CRAS Amazonas,AM,Ipixuna,agendamentocras.com.br
CRAS,CRAS São Domingos Sávio,AM,Humaitá,agendamentocras.com.br
CRAS,CRAS 5 de Setembro,AM,Humaitá,agendamentocras.com.br
CRAS,CRAS Marechal Rondon,AM,Fonte Boa,agendamentocras.com.br
CRAS,CRAS Senador Fábio Lucena,AM,Envira,agendamentocras.com.br
CRAS,CRAS Santo Antônio,AM,Eirunepé,agendamentocras.com.br
CRAS,CRAS Getúlio Vargas,AM,Eirunepé,agendamentocras.com.br
CRAS,CRAS Quintino Bocaiuva,AM,Codajás,agendamentocras.com.br
CRAS,CRAS Urucu,AM,Coari,agendamentocras.com.br
CRAS,CRAS 5 de Setembro,AM,Coari,agendamentocras.com.br
CRAS,CRAS Solimões,AM,Careiro da Várzea,agendamentocras.com.br
CRAS,CRAS Santa Luzia,AM,Carauari,agendamentocras.com.br
CRAS,CRAS Rui Barbosa,AM,Carauari,agendamentocras.com.br
CRAS,CRAS João Batista,AM,Canutama,agendamentocras.com.br
CRAS,CRAS Marechal Deodoro,AM,Caapiranga,agendamentocras.com.br
CRAS,CRAS Getúlio Vargas,AM,Borba,agendamentocras.com.br
CRAS,CRAS Platô do Piquiá,AM,Boca do Acre,agendamentocras.com.br
CRAS,CRAS 7 de Setembro,AM,Boca do Acre,agendamentocras.com.br
CRAS,CRAS Castelo Branco,AM,Boa Vista do Ramos,agendamentocras.com.br
CRAS,CRAS Frei Ludovico,AM,Benjamin Constant,agendamentocras.com.br
CRAS,CRAS Boa Vista,AM,Barreirinha,agendamentocras.com.br
CRAS,CRAS Tenreiro Aranha,AM,Barcelos,agendamentocras.com.br
CRAS,CRAS 1º de Maio,AM,Atalaia do Norte,agendamentocras.com.br
CRAS,CRAS 31 de Março,AM,Anori,agendamentocras.com.br
CRAS,CRAS Raimundo Pereira,AM,Anamã,agendamentocras.com.br
CRAS,CRAS Beira Rio,AM,Amaturá,agendamentocras.com.br
CRAS,CRAS João Paulo II,AM,Alvarães,agendamentocras.com.br
CRAS,CRAS Donga Michiles,AM,Maués,agendamentocras.com.br
CRAS,CRAS Quintino Bocaiuva,AM,Maués,agendamentocras.com.br
CRAS,CRAS Getúlio Vargas,AM,Autazes,agendamentocras.com.br
CRAS,CRAS Amazonas,AM,Apuí,agendamentocras.com.br
CRAS,CRAS Autazes,AM,Autazes,agendamentocras.com.br
CRAS,CRAS Braga Mendes,AM,Manaus,agendamentocras.com.br
CRAS,CRAS Compensa II,AM,Manaus,agendamentocras.com.br
CRAS,CRAS Compensa I,AM,Manaus,agendamentocras.com.br
CRAS,CRAS Prourbis,AM,Manaus,agendamentocras.com.br
CRAS,CRAS Japiim,AM,Manaus,agendamentocras.com.br
CRAS,CRAS Crespo II,AM,Manaus,agendamentocras.com.br
CRAS,CRAS Crespo I,AM,Manaus,agendamentocras.com.br
CRAS,CRAS Cachoeirinha,AM,Manaus,agendamentocras.com.br
CRAS,CRAS Betânia,AM,Manaus,agendamentocras.com.br
CRAS,CRAS Alvorada III,AM,Manaus,agendamentocras.com.br
CRAS,CRAS Alvorada I,AM,Manaus,agendamentocras.com.br
CRAS,CRAS Alfredo Nascimento,AM,Manaus,agendamentocras.com.br
CRAS,CRAS Terra Nova,AM,Manaus,agendamentocras.com.br
CRAS,CRAS Cidade Nova,AM,Manaus,agendamentocras.com.br
CRAS,CRAS Jorge Teixeira,AM,Manaus,agendamentocras.com.br
